poi_id,cell_id,poi_type,lat,lon
307,1,bar,46.5044864920157,6.55963052222383
331,1,bar,46.5002587759694,6.55472052974784
578,1,supermarket,46.5060172806479,6.5511652796709
897,1,club,46.5044942408709,6.55388884029245
972,1,supermarket,46.5029841925805,6.55051896574352
280,2,club,46.5056510595172,6.5674425354699
453,2,supermarket,46.5016892219966,6.56418972285153
589,2,restaurant,46.5009444243601,6.56477358292878
711,2,cafeteria,46.5014515910524,6.56920902874812
743,2,cafeteria,46.5002849363729,6.56434300081723
772,2,cafeteria,46.5069747291202,6.56302250221654
948,2,restaurant,46.5005583989627,6.56431230400339
992,2,cafeteria,46.5069121731797,6.5654222527521
341,3,club,46.5048312379307,6.575236871092
493,3,bar,46.5047126251479,6.57197741773289
669,3,restaurant,46.5051819307614,6.57193245823959
825,3,gym,46.5007477029679,6.57504807220461
315,4,bar,46.5056064708036,6.58585496317979
318,4,gym,46.5000508556244,6.58376910549168
416,4,dojo,46.506416619386,6.58047656385129
449,4,club,46.5019986937254,6.58470687471617
512,4,gym,46.5030806697222,6.5815536175869
684,4,club,46.5027824015615,6.58657567514466
841,4,restaurant,46.5010880355875,6.5838888364
843,4,gym,46.5021841931382,6.58101367452934
869,4,bar,46.5019077276383,6.58785131574894
980,4,dojo,46.5011689130911,6.5863684938744
1007,4,club,46.5017492997833,6.58557468966413
265,5,gym,46.5017010895004,6.59737249308893
293,5,club,46.5055990960991,6.59277330458726
337,5,restaurant,46.5051133769683,6.59077584860184
358,5,dojo,46.502443064658,6.59105469306489
404,5,supermarket,46.5064568985893,6.59822919311348
443,5,supermarket,46.5057095060637,6.59660904347726
574,5,supermarket,46.501472434778,6.5960878080055
708,5,cafeteria,46.5062156950523,6.59967332177217
758,5,club,46.5047903337222,6.59404938293564
795,5,club,46.5024835166334,6.59408764248871
918,5,bar,46.5026501765188,6.5978835375293
285,6,restaurant,46.5027020799687,6.60855027152372
680,6,dojo,46.5004826526156,6.60743640219938
915,6,restaurant,46.5006938115939,6.60201898663312
1020,6,cafeteria,46.5054581270379,6.60235431049059
197,7,appartment_block,46.5067498844889,6.61853169177744
406,7,bar,46.5065904108413,6.61584373031859
538,7,club,46.5000319595324,6.61602870361457
540,7,club,46.502457631498,6.61117128805378
613,7,cafeteria,46.5011543144393,6.6107570595417
625,7,cafeteria,46.5021945453081,6.61476429451127
643,7,supermarket,46.500565387628,6.61078278945001
658,7,bar,46.5006295448582,6.61363591839541
672,7,bar,46.5024112635619,6.61445363504082
686,7,cafeteria,46.5000912502168,6.61478956026554
829,7,club,46.5066455670533,6.6149046127764
914,7,cafeteria,46.5022389652283,6.61489831506432
945,7,supermarket,46.5064082241854,6.61049505800388
463,8,bar,46.50167409719,6.62234136155846
551,8,supermarket,46.503390307686,6.62084620166482
606,8,club,46.5036509966497,6.62295086770827
805,8,supermarket,46.5021075691302,6.62106423130899
833,8,club,46.503637844877,6.62767360789425
1027,8,dojo,46.5004977107495,6.62544408475984
312,9,supermarket,46.5036206715367,6.63621090829516
330,9,gym,46.5013656818253,6.63240854838738
383,9,supermarket,46.5007340101009,6.63924116221232
444,9,supermarket,46.5001046635688,6.63965380461618
505,9,gym,46.5016264441886,6.63084946143562
529,9,cafeteria,46.5024261364074,6.63406366391621
592,9,supermarket,46.5015751406071,6.63069134260276
632,9,cafeteria,46.5054530299612,6.63041536640722
653,9,gym,46.5038344949632,6.63368294570274
754,9,restaurant,46.5066644296511,6.63525258760041
851,9,supermarket,46.5010887134558,6.63036895656951
854,9,gym,46.5040101884102,6.63409133203054
1017,9,gym,46.5067336426785,6.63942129994164
156,10,villa,46.5049931711198,6.64624739495372
269,10,supermarket,46.503018411413,6.64281325700981
440,10,bar,46.5019783774492,6.64528858143366
502,10,dojo,46.5054798492219,6.64700342024154
549,10,club,46.5053321615678,6.64758397017509
832,10,dojo,46.5018384559977,6.64660359445462
865,10,bar,46.5042648199738,6.64210515904178
257,11,office,46.5137067935427,6.55810249175222
266,11,supermarket,46.5094737988182,6.55814820346677
382,11,bar,46.5118046084517,6.55853770136338
408,11,dojo,46.5138952065296,6.55330635745975
517,11,restaurant,46.509921861082,6.55311221414723
671,11,cafeteria,46.5103732837107,6.55704670037566
683,11,club,46.5078155655281,6.55402592835568
816,11,gym,46.5073924162951,6.55954599251563
870,11,supermarket,46.5070311065144,6.55828643711681
1018,11,club,46.509776143284,6.55638503650866
1019,11,dojo,46.5136194925241,6.55269775576117
4,12,appartment_block,46.5129569158139,6.5608813459278
297,12,club,46.5127819492024,6.56250998975277
364,12,cafeteria,46.5096810523558,6.56529681996067
405,12,supermarket,46.5077611236332,6.56410712104996
601,12,gym,46.5117187363332,6.56402653143385
1050,12,dojo,46.5105835562516,6.56197361561278
546,13,dojo,46.5121894188282,6.57410399662578
600,13,gym,46.5132166922852,6.57163848971215
703,13,supermarket,46.5102524544488,6.57435749481911
804,13,bar,46.5070699775562,6.57456372419031
855,13,bar,46.5119292873971,6.57785607541117
888,13,dojo,46.5138178331382,6.57040300150821
894,13,supermarket,46.5138378483293,6.57951652246101
360,14,bar,46.5077209260532,6.58569637027812
422,14,supermarket,46.5083621878034,6.58550589792449
490,14,supermarket,46.5134502338724,6.58726382297081
747,14,dojo,46.5122084937391,6.58166056473863
837,14,club,46.5074883732854,6.58848933928308
846,14,restaurant,46.5086747913621,6.58574902173965
884,14,restaurant,46.5138414580162,6.58886732455438
1047,14,bar,46.5074037909774,6.58788521866815
238,15,laboratory,46.5117582523752,6.5934659697068
474,15,cafeteria,46.5131342335701,6.59960996075872
485,15,restaurant,46.5093918617591,6.59432192807954
575,15,dojo,46.5139849511859,6.59120410171733
681,15,gym,46.5077666222733,6.59352100772156
698,15,cafeteria,46.5100860836049,6.59295331641394
745,15,bar,46.5089009568854,6.59849667067718
785,15,gym,46.5087140464624,6.59963425276471
377,16,restaurant,46.5103352347787,6.60834920525213
451,16,club,46.509406494809,6.60170308283869
753,16,restaurant,46.5079656633496,6.60899967469907
1037,16,gym,46.5108044117449,6.60366850911547
160,17,villa,46.5091618614728,6.61675124333494
174,17,villa,46.5076928444718,6.61097195776032
184,17,villa,46.5126394441926,6.61169251434231
191,17,appartment_block,46.5077322350251,6.61645935080276
381,17,gym,46.5077829469641,6.6188543243199
480,17,dojo,46.5106503869917,6.61887347148186
500,17,dojo,46.5095467073259,6.61429687656941
864,17,restaurant,46.5071649788181,6.61165138355545
1043,17,restaurant,46.5132455690658,6.61495877973916
18,18,villa,46.5074078821622,6.62364366692738
44,18,appartment_block,46.5103248350383,6.62099069657232
124,18,appartment_block,46.5106995171901,6.62884321523775
147,18,villa,46.5099385026607,6.6238086250855
179,18,villa,46.5106177098705,6.6220024011884
379,18,restaurant,46.5074769754617,6.62792822990369
439,18,club,46.5079175748129,6.62972107730705
640,18,club,46.5070005329543,6.62643453585041
757,18,restaurant,46.5136557253696,6.62912970794562
863,18,bar,46.5080526639154,6.62781811602506
868,18,gym,46.5117465479731,6.62046333464365
58,19,appartment_block,46.5138426317575,6.63142377230465
102,19,appartment_block,46.5129351126876,6.63407088516377
564,19,gym,46.5114962591949,6.6386917411194
568,19,restaurant,46.512687468203,6.63641899587261
736,19,dojo,46.5095446041441,6.63434146990168
809,19,restaurant,46.5085380655342,6.63224700509099
836,19,club,46.5136259117069,6.63374559879863
838,19,club,46.5138487740154,6.63802117591413
912,19,bar,46.5128135102803,6.63909136689984
934,19,dojo,46.5081066166172,6.63207014508554
950,19,restaurant,46.513035056726,6.63284365049716
1044,19,cafeteria,46.5130586867175,6.63478915509416
1056,19,club,46.5122207093632,6.63085150897777
355,20,cafeteria,46.5136985100165,6.64573376868489
428,20,restaurant,46.5107986300743,6.64328815582658
429,20,dojo,46.5130858640751,6.64558757345237
654,20,cafeteria,46.5101783681604,6.64414294950808
787,20,cafeteria,46.5095267186959,6.6421435861882
800,20,gym,46.5097507381506,6.64160704899499
819,20,bar,46.5098951347018,6.64791291464233
414,21,club,46.5192119791785,6.55089720673534
682,21,gym,46.5170726149395,6.55242897608778
928,21,bar,46.5206212993832,6.55580002144066
76,22,villa,46.5205175117895,6.56848319255813
123,22,appartment_block,46.5204821237535,6.5667559650771
145,22,villa,46.5205018637751,6.56263232168643
519,22,club,46.5184916189827,6.56154295306192
527,22,bar,46.5176066329325,6.56041906291299
531,22,restaurant,46.5151875696308,6.56771910242266
641,22,club,46.5193287060034,6.56106389212257
956,22,bar,46.5175919342225,6.5689518478772
208,23,company,46.5207942470469,6.57961928985622
281,23,restaurant,46.5141123159678,6.57609645003672
554,23,club,46.5196613236574,6.57254398707559
562,23,dojo,46.5172573503479,6.5781690830503
657,23,restaurant,46.5187510154969,6.5711633998179
700,23,gym,46.5178442220195,6.57417977417742
709,23,cafeteria,46.5205620049482,6.57734319829326
768,23,gym,46.5141058188402,6.57407111234601
799,23,cafeteria,46.5185411790898,6.57115992837904
882,23,bar,46.5200421521611,6.57471949981229
999,23,restaurant,46.5142096879298,6.5772252676867
211,24,laboratory,46.5197922458106,6.58730235771758
304,24,supermarket,46.5179079739531,6.58097428572382
339,24,dojo,46.5171951800807,6.5881759295054
400,24,club,46.5160839449456,6.58643221941556
417,24,dojo,46.5158379885683,6.58674991277126
665,24,dojo,46.5177708117781,6.58318123644761
702,24,restaurant,46.5166716764268,6.58377288924454
1022,24,cafeteria,46.5180802875434,6.58024667230006
223,25,office,46.5200029853912,6.59125988909386
340,25,gym,46.516803830677,6.59811830401201
446,25,dojo,46.5158864804729,6.59154250054205
462,25,dojo,46.5173929085923,6.59805515466274
685,25,dojo,46.5188482970299,6.59831409659682
802,25,bar,46.5209214806743,6.597019664625
900,25,dojo,46.5162544739978,6.59847059322278
902,25,dojo,46.5201972374852,6.59851133387834
1035,25,cafeteria,46.5172228987616,6.59611663518527
128,26,villa,46.5191036787446,6.60288062076815
185,26,appartment_block,46.5183589569175,6.60409081091112
192,26,villa,46.5177159268066,6.60728555612661
352,26,club,46.5198596823463,6.60035628908315
365,26,supermarket,46.5159774643338,6.60253035287228
398,26,gym,46.5188084290797,6.60075002274683
508,26,club,46.5180875062027,6.60935172918972
511,26,bar,46.5159814555771,6.60902312343112
570,26,supermarket,46.5170343829921,6.60599724510969
742,26,cafeteria,46.5195488123255,6.60991266275681
974,26,cafeteria,46.5163943200619,6.60486333058659
26,27,appartment_block,46.5173813934199,6.6104352204045
37,27,villa,46.5206043850204,6.61414703326545
57,27,appartment_block,46.5155636877895,6.61553972519322
230,27,office,46.5209034369936,6.61385858630444
344,27,supermarket,46.5193397294195,6.61109665581701
380,27,gym,46.5143444087483,6.61443000927801
430,27,dojo,46.5160087834127,6.61811053259962
467,27,gym,46.5198464902878,6.61532935610874
537,27,supermarket,46.5193774156964,6.6164454413773
748,27,restaurant,46.5162009861756,6.61491588252584
778,27,cafeteria,46.5144135348435,6.61444941761692
784,27,gym,46.5208221840964,6.61708555153659
830,27,supermarket,46.5165830292259,6.61472839509087
872,27,gym,46.5160668957414,6.61451323821737
21,28,villa,46.5154859282885,6.62998284695588
66,28,appartment_block,46.5141194409942,6.62675913604375
74,28,villa,46.5163712856855,6.62228926725275
82,28,appartment_block,46.5188394595266,6.62815938469303
139,28,villa,46.5175103418058,6.62406449347839
157,28,appartment_block,46.5162896519078,6.62749420903726
163,28,appartment_block,46.5181984745559,6.62808823947027
172,28,appartment_block,46.5177754369178,6.62453800394258
187,28,appartment_block,46.5203039568318,6.62895154235307
195,28,appartment_block,46.5201772350273,6.62342228916558
438,28,cafeteria,46.5184423859717,6.62254299545796
619,28,supermarket,46.5190779991053,6.62383687586234
734,28,cafeteria,46.5180515461767,6.62884804629049
749,28,bar,46.5192739181017,6.62074924944993
812,28,restaurant,46.5158531823013,6.62069694593628
920,28,club,46.5197978354347,6.62979360618089
941,28,dojo,46.5173680393144,6.6229178091818
119,29,appartment_block,46.5167280521741,6.63240919845051
167,29,villa,46.5150744466101,6.63061822066293
413,29,club,46.5158655195299,6.63385868369359
536,29,cafeteria,46.5151247680381,6.63282192223797
615,29,restaurant,46.5165295961314,6.63232094757244
840,29,restaurant,46.5187692603956,6.63735084770023
859,29,gym,46.5169932827816,6.6381530438881
1002,29,bar,46.5194776652744,6.63114258052815
1034,29,club,46.5203960921317,6.63103970844289
20,30,appartment_block,46.5204380292779,6.64178133470277
30,30,villa,46.5183499818889,6.64720477956772
534,30,club,46.5188422457163,6.64728331110968
732,30,gym,46.5206838758373,6.64087112410642
765,30,bar,46.5142412671998,6.6489809685109
924,30,restaurant,46.5153829178594,6.64332063455491
966,30,supermarket,46.5158711214803,6.64884641913768
10,31,appartment_block,46.5251735464611,6.55766162366733
98,31,appartment_block,46.5269307310321,6.5533610264804
178,31,villa,46.5265693539772,6.55835940547217
267,31,cafeteria,46.5243203686571,6.55044932072563
300,31,supermarket,46.5272660492645,6.55522309735451
338,31,dojo,46.5245415006401,6.5596556763586
441,31,bar,46.5267870301561,6.55045067305092
759,31,supermarket,46.5263317267286,6.55512628953481
769,31,supermarket,46.5264587364231,6.55696627414788
821,31,club,46.5273340586826,6.55221724956023
95,32,appartment_block,46.5222152308102,6.56240072076708
132,32,appartment_block,46.5262229647592,6.56173135292248
162,32,villa,46.5256912327921,6.56222798903211
227,32,office,46.5276215199923,6.56588558674995
235,32,office,46.5232223570675,6.56961805539152
308,32,gym,46.524554905828,6.56770868778509
325,32,dojo,46.5246457520561,6.56636213502164
421,32,supermarket,46.526903791151,6.56293691309627
663,32,gym,46.5226323942738,6.56453607479503
729,32,gym,46.527397689668,6.5628393052311
979,32,supermarket,46.5242652605889,6.56170314384355
99,33,villa,46.5274613649862,6.57869904131689
248,33,office,46.5267868275178,6.57649996838672
249,33,company,46.5221796527147,6.57862601616753
335,33,cafeteria,46.5233046355827,6.57479587191532
336,33,dojo,46.5254818731227,6.57166628504794
565,33,cafeteria,46.5250109942568,6.57492171984252
699,33,cafeteria,46.5258043833574,6.57952180373715
707,33,supermarket,46.5250556373027,6.57490736820542
750,33,gym,46.5244860507124,6.57721570383953
820,33,dojo,46.5242926404126,6.57539388957415
862,33,gym,46.5230740995015,6.5707724521402
871,33,dojo,46.5267004792735,6.57564918527252
996,33,club,46.5220584666579,6.57524494135506
137,34,villa,46.5263909096842,6.58758222403771
210,34,office,46.5218435025019,6.58278929741772
616,34,gym,46.5254294600343,6.58547180674062
667,34,dojo,46.5220869679057,6.5883696740691
696,34,dojo,46.5220673606581,6.58277612103395
831,34,dojo,46.521439298212,6.58679225381088
876,34,restaurant,46.5242769014531,6.58138408249088
917,34,gym,46.5277796189549,6.58115132075394
134,35,appartment_block,46.5259930492878,6.59313294641093
150,35,villa,46.5269481052597,6.5931794420826
240,35,laboratory,46.5260620148491,6.59441599573319
242,35,office,46.5277915938711,6.59757122821799
375,35,dojo,46.5214310964013,6.59101011901785
425,35,supermarket,46.5251449784494,6.59008780551502
491,35,dojo,46.5249573775398,6.59381463184269
561,35,gym,46.5253521644084,6.59139046231252
710,35,restaurant,46.5247764045677,6.59067129069218
763,35,supermarket,46.5213774437694,6.59436728918273
898,35,supermarket,46.5265240715074,6.59125129087341
922,35,bar,46.5232273693622,6.59613055666373
1004,35,dojo,46.5244776565466,6.59717498758728
1048,35,cafeteria,46.5273748815244,6.59846377124129
33,36,appartment_block,46.5244924406344,6.60216353386155
73,36,appartment_block,46.5256642554975,6.60847908403004
220,36,company,46.5257811717907,6.60031240472181
279,36,bar,46.5241288847179,6.60858833552375
460,36,club,46.5264062666558,6.60649829470026
478,36,gym,46.5229636045756,6.60192104199759
501,36,bar,46.5216042324648,6.60439148510784
510,36,club,46.526884290816,6.60068131679848
522,36,cafeteria,46.5237121589935,6.60522357673493
530,36,restaurant,46.5243124557046,6.60577894139017
550,36,club,46.5221846996877,6.60478459943346
827,36,gym,46.5232321675129,6.60694823984487
906,36,club,46.5211383266961,6.60476655540591
921,36,club,46.527383102866,6.60859739394474
993,36,restaurant,46.5278551728872,6.60216101028236
997,36,dojo,46.5262790882033,6.6013851560826
1015,36,dojo,46.5252539047939,6.60106911157355
131,37,villa,46.5219746608592,6.61463065616723
168,37,villa,46.5236951395869,6.61908856332207
183,37,villa,46.527388681083,6.61362461013032
209,37,laboratory,46.5218094209579,6.61637795106182
353,37,supermarket,46.5241794555633,6.61286047872724
472,37,cafeteria,46.523410824991,6.61217859819916
676,37,gym,46.5223424817776,6.61696745150145
881,37,restaurant,46.5260619864106,6.61218993722527
911,37,cafeteria,46.5263713020212,6.61249037335728
960,37,cafeteria,46.5249841916728,6.61377769137324
6,38,villa,46.5215525554374,6.62034411655221
60,38,appartment_block,46.5260316740188,6.62017330713998
96,38,appartment_block,46.5220660214648,6.62099305525242
97,38,villa,46.5244104862123,6.62524557575537
138,38,villa,46.5278262279713,6.62754704449081
327,38,cafeteria,46.5270557033982,6.62707594112565
475,38,supermarket,46.5273625635602,6.62870465960213
539,38,club,46.5215852512498,6.62063817961666
791,38,club,46.5224135901618,6.62246835162907
853,38,dojo,46.5275314684555,6.62208225659775
1041,38,club,46.5265188752304,6.6258865805922
1042,38,bar,46.5233295976365,6.62620726292138
41,39,villa,46.5215629510299,6.63632871425261
126,39,villa,46.5240857844307,6.6309700590938
166,39,appartment_block,46.5265219499005,6.63580151039228
435,39,cafeteria,46.5222001672357,6.63909785594776
520,39,cafeteria,46.5261618557806,6.63030800047305
559,39,cafeteria,46.5215808245308,6.63244635327355
590,39,club,46.5250585619784,6.63296932873404
646,39,bar,46.5219302320051,6.63197984482381
670,39,club,46.5279727852942,6.63744861000139
728,39,supermarket,46.5218462449044,6.63157710923858
1024,39,gym,46.5230884128602,6.63817984841815
303,40,supermarket,46.5248486206106,6.64018413321684
374,40,gym,46.5242568314621,6.64487123524492
403,40,gym,46.5275270817401,6.64530414373426
605,40,gym,46.5211155843879,6.64063573602627
645,40,bar,46.5269543952858,6.64777029714088
674,40,supermarket,46.5211895549644,6.64383135189533
721,40,bar,46.5262483144956,6.64460487416118
777,40,supermarket,46.524555451007,6.64802833256786
925,40,dojo,46.521655120316,6.64274887755949
954,40,bar,46.5226460379661,6.64853467690408
961,40,dojo,46.5275855962363,6.64663157295973
968,40,gym,46.525850863344,6.6450681342353
991,40,cafeteria,46.5210566077663,6.64886197131042
316,41,gym,46.5329967795891,6.55330676969459
497,41,dojo,46.5284296696969,6.55875682745419
518,41,club,46.5300839423936,6.55317904251018
558,41,bar,46.5334123903279,6.55306072923429
607,41,cafeteria,46.5321172298371,6.55687722937635
818,41,bar,46.5293893387872,6.55415038221199
1001,41,supermarket,46.5290147831953,6.55856433581719
106,42,appartment_block,46.5293526284373,6.56204098342763
239,42,laboratory,46.5293299112936,6.56944545082904
289,42,club,46.5321069267136,6.56593897097523
350,42,dojo,46.5323391310222,6.5669608789239
466,42,dojo,46.5334062398468,6.56409923972805
617,42,bar,46.5302355373259,6.56153410129211
739,42,supermarket,46.5335819704642,6.56261963900578
771,42,supermarket,46.5344250395623,6.56914649674647
801,42,bar,46.529667171803,6.56794737714457
861,42,bar,46.5280226238149,6.56032539233918
935,42,restaurant,46.5302981745125,6.56151308601616
951,42,club,46.5338732931514,6.56257995462084
995,42,gym,46.5343343720025,6.5619966590783
1054,42,dojo,46.5282072527941,6.56720992440809
79,43,villa,46.528740670166,6.57512066587965
141,43,appartment_block,46.5303236545119,6.57342685575818
143,43,appartment_block,46.5311659358545,6.57964214618709
169,43,villa,46.5334863982388,6.57400611071779
247,43,office,46.530544565583,6.57385872370806
259,43,company,46.53152342804,6.5772254355883
306,43,dojo,46.5317610338045,6.57641493990309
396,43,supermarket,46.5283631785469,6.57330955528229
427,43,dojo,46.5335809248928,6.57913593435334
713,43,club,46.5320833690142,6.57508544884732
891,43,bar,46.5283463115464,6.57789405450811
1008,43,cafeteria,46.5301302691897,6.57192047916159
1028,43,dojo,46.5283221047692,6.5713949092413
1031,43,dojo,46.530044968476,6.5705686858013
1045,43,restaurant,46.5332669407658,6.57407381913018
103,44,appartment_block,46.533437320497,6.58219870592381
109,44,villa,46.5348927831907,6.58075490935811
120,44,appartment_block,46.5330215742567,6.585647595681
204,44,office,46.5294151932492,6.58366822630359
219,44,laboratory,46.5296734608472,6.58593333695806
222,44,laboratory,46.5302553874974,6.58523444308312
260,44,office,46.5323844765592,6.58552474080254
361,44,bar,46.5301404212443,6.58983974118793
514,44,restaurant,46.5335608442905,6.58194372012133
604,44,dojo,46.5333099172577,6.58417151589615
677,44,supermarket,46.5326723815938,6.58452219309829
774,44,restaurant,46.5302145551298,6.58948975865895
986,44,cafeteria,46.5289367561268,6.58923049357664
1038,44,bar,46.531132014029,6.58180497227177
3,45,appartment_block,46.5314530478947,6.59843214156202
212,45,company,46.5329422214051,6.5911740860105
236,45,company,46.5302486919717,6.59305795948308
397,45,bar,46.531886736175,6.59799432726205
431,45,gym,46.5325372916158,6.59617757721248
465,45,club,46.5312255385196,6.5929488928922
594,45,dojo,46.5331468906336,6.59403723935732
909,45,bar,46.5307405822508,6.5940866264033
916,45,club,46.5306079527532,6.59315035133028
14,46,appartment_block,46.5310743905786,6.60357670874862
194,46,villa,46.5316492430574,6.60680883873068
226,46,office,46.5345987331829,6.60568529508486
310,46,supermarket,46.5319533096653,6.60540526564867
334,46,restaurant,46.5293116075586,6.60680438273675
351,46,supermarket,46.5287767314995,6.60902048641325
354,46,bar,46.5330874831536,6.60187172796833
385,46,club,46.5316839988965,6.60842528991154
445,46,cafeteria,46.5290642750612,6.60369317991818
666,46,bar,46.5329364950024,6.60264461046782
779,46,cafeteria,46.5308378335466,6.60179472616472
849,46,bar,46.5287093621159,6.60840778656719
860,46,dojo,46.5322856851541,6.6045859047556
883,46,cafeteria,46.5321499335844,6.60175611437749
892,46,restaurant,46.5299651295811,6.60445538049726
896,46,club,46.5314214085734,6.60138274632509
994,46,dojo,46.5294825945976,6.60384771878146
8,47,appartment_block,46.5307269115629,6.61620350509913
19,47,villa,46.531132805472,6.61275908878423
81,47,appartment_block,46.5338107441365,6.6111832965251
93,47,appartment_block,46.5321669115687,6.61432847529382
158,47,appartment_block,46.5340684769478,6.61809334976229
391,47,dojo,46.52862309577,6.61606487125761
423,47,club,46.5329678065777,6.61561818175711
563,47,bar,46.5302053112757,6.61973841409146
694,47,supermarket,46.5317966874683,6.61230771958812
706,47,gym,46.5335876158948,6.61918288929874
767,47,bar,46.5326595366929,6.61534471449847
781,47,supermarket,46.533028797555,6.61042713692491
1011,47,cafeteria,46.5308158853666,6.61948143540483
1,48,villa,46.5308648328668,6.62320894135142
83,48,appartment_block,46.5333393962137,6.62065848244944
112,48,appartment_block,46.5343948235841,6.62587830038428
130,48,appartment_block,46.5285578791298,6.62328578169917
136,48,appartment_block,46.5314920763689,6.62308007761714
165,48,appartment_block,46.5296087461138,6.6237391350278
526,48,bar,46.5292357586091,6.62906567212778
817,48,gym,46.5327483476729,6.62800651360897
965,48,club,46.5291557026695,6.6273559262442
1013,48,restaurant,46.5343876389703,6.62094561720263
50,49,villa,46.5303489552923,6.63541679190745
263,49,cafeteria,46.5325719093145,6.63298523393928
326,49,cafeteria,46.532402915548,6.63765118313237
366,49,gym,46.5345129464193,6.63998582652351
569,49,cafeteria,46.5292159155366,6.63835362546536
756,49,gym,46.5295788506293,6.63961529711899
886,49,supermarket,46.53440810322,6.63920682479962
971,49,restaurant,46.5285607902703,6.63135186336471
1003,49,gym,46.5344974187576,6.63097742228956
402,50,dojo,46.5319844661267,6.64624175881482
693,50,restaurant,46.533858703337,6.64136495815761
867,50,restaurant,46.5325668753538,6.64042340206315
907,50,restaurant,46.529311850274,6.64134927361146
1012,50,club,46.5342118236778,6.64556590977707
11,51,appartment_block,46.535640658095,6.55173020223239
13,51,appartment_block,46.5407576767663,6.55916029849896
17,51,villa,46.5377996435521,6.55078640152693
292,51,supermarket,46.5362369475069,6.5502460493244
434,51,dojo,46.5362542717,6.5501641259282
437,51,bar,46.5402767864167,6.55404359803088
469,51,club,46.5365666135245,6.55875565125615
482,51,dojo,46.5418644639171,6.55329069736821
513,51,gym,46.5394493855085,6.55632983219267
752,51,dojo,46.5386659484913,6.55654766349137
931,51,restaurant,46.5409856641274,6.55202191021109
939,51,gym,46.5358012095772,6.55807469384859
1052,51,supermarket,46.5403698375124,6.55996701882549
51,52,villa,46.5408968429967,6.56917480162304
121,52,appartment_block,46.5370444752948,6.56058876238907
201,52,laboratory,46.5391228591477,6.5646210347342
233,52,laboratory,46.5399674660953,6.5606528622795
274,52,cafeteria,46.5358044410064,6.56629117960139
332,52,cafeteria,46.5401100883842,6.56476946978146
456,52,bar,46.5355608515071,6.5620341655311
459,52,club,46.538344229339,6.56288817630426
571,52,cafeteria,46.5406994236088,6.56680002864077
577,52,supermarket,46.5368292195687,6.56030358681587
762,52,bar,46.5378759887058,6.56519452829366
766,52,restaurant,46.5374713586133,6.56216042303049
823,52,supermarket,46.5414787753706,6.56439958978285
839,52,dojo,46.5360771834723,6.56327097014239
27,53,villa,46.5414778163162,6.57651132348874
31,53,appartment_block,46.5402968764856,6.57314000760846
88,53,appartment_block,46.535629449067,6.57472052597354
133,53,villa,46.5376907617378,6.57341717976682
140,53,appartment_block,46.5383820063307,6.57399845789587
207,53,company,46.539760817398,6.57406321316403
213,53,laboratory,46.5353157281513,6.5741426388802
244,53,laboratory,46.5411633040782,6.57177507484703
245,53,office,46.5359190651702,6.57548773937141
264,53,supermarket,46.5395090702156,6.57783497745403
373,53,dojo,46.5388835195554,6.57345364606417
557,53,supermarket,46.5364504739165,6.57310123347209
567,53,bar,46.5386174590797,6.5750399504186
576,53,gym,46.5353870527234,6.57124895258606
751,53,club,46.5412042735356,6.57827237711688
1046,53,restaurant,46.5366574399373,6.57596057571209
39,54,appartment_block,46.5353972398005,6.58174391100451
64,54,villa,46.5359623869848,6.58015177193049
221,54,company,46.5364778729088,6.58033446050664
294,54,dojo,46.5399191934735,6.58358073967212
650,54,gym,46.5419357665236,6.58993937457538
738,54,restaurant,46.5412151831478,6.58514486814873
873,54,dojo,46.5391823219403,6.58680180176092
80,55,appartment_block,46.5370834585344,6.59687079567754
202,55,company,46.5371738355692,6.59957383904399
215,55,company,46.541133184348,6.59767344835442
232,55,company,46.5399504207737,6.59305545230823
237,55,company,46.5407823526832,6.59189658775861
251,55,laboratory,46.538985635518,6.59928663263692
273,55,club,46.5416964207614,6.59042033021644
433,55,club,46.535155552788,6.59866780581523
544,55,bar,46.5372331336752,6.59091758364641
545,55,club,46.5415499412906,6.59629585519188
626,55,club,46.5351724396346,6.59193206676119
764,55,dojo,46.5402818694651,6.59158612132828
806,55,club,46.5412541652176,6.59656528295687
824,55,supermarket,46.5366022730985,6.59529797458625
850,55,bar,46.5390346033577,6.59528302485572
955,55,restaurant,46.5351173293257,6.59949876825855
25,56,appartment_block,46.5353989482632,6.60881230875611
47,56,appartment_block,46.5361237635863,6.6038277852754
53,56,villa,46.536808173851,6.60424397460849
54,56,appartment_block,46.5389603738804,6.60251451052396
68,56,appartment_block,46.5357208245343,6.60212738106332
77,56,villa,46.5411012431954,6.60195468222601
86,56,appartment_block,46.536827299389,6.60088646844397
89,56,villa,46.5369518410609,6.60453185144488
173,56,appartment_block,46.5360263244804,6.60320993665309
291,56,supermarket,46.5389144066274,6.60434427938045
642,56,bar,46.5356354919655,6.60360171556608
668,56,gym,46.5379546395958,6.60512826399943
770,56,cafeteria,46.5383577017105,6.60256362721228
773,56,gym,46.5385165840416,6.60197946998405
943,56,dojo,46.539318537853,6.6071862895389
7,57,villa,46.5410468777602,6.61259119510408
70,57,appartment_block,46.5371600349278,6.61450891832499
234,57,office,46.5364607847472,6.6160165200985
499,57,restaurant,46.537859072348,6.61333785131882
591,57,cafeteria,46.5351225253561,6.61882831696682
789,57,restaurant,46.5362039947444,6.61333540258568
856,57,bar,46.5390531737865,6.61777782688839
890,57,gym,46.5363308401297,6.61717881704941
901,57,restaurant,46.5387656225268,6.6127903583906
28,58,villa,46.5359917473187,6.62252618024161
49,58,appartment_block,46.5364270951669,6.62708390006003
171,58,villa,46.5391031221691,6.62833013263574
200,58,appartment_block,46.5353665687975,6.6294167252148
409,58,dojo,46.5390793984308,6.62553403943905
553,58,dojo,46.5418004722441,6.6285955245708
572,58,supermarket,46.536681066298,6.62739495880856
659,58,bar,46.5366428518606,6.62781692972046
678,58,supermarket,46.5351523571658,6.62252033828488
761,58,restaurant,46.5384704399765,6.62722275160987
834,58,dojo,46.5357274624224,6.62719649033537
932,58,bar,46.5392497833777,6.6295591697854
962,58,cafeteria,46.5375960437872,6.62783753856998
1005,58,dojo,46.5389119072414,6.62330477588136
104,59,villa,46.5351293432512,6.63583255879151
277,59,restaurant,46.5363725698221,6.63234931346398
286,59,club,46.535855568665,6.63959696721859
346,59,cafeteria,46.5374130396652,6.63525626141482
411,59,club,46.539168206709,6.63747054769101
498,59,dojo,46.5409831672152,6.63739084660316
588,59,club,46.5419875517777,6.63801357560581
608,59,supermarket,46.5418032755496,6.63556823153522
697,59,restaurant,46.5397515876879,6.63652649809798
798,59,dojo,46.5409783938557,6.63761780900704
1006,59,supermarket,46.540471476711,6.63061872242923
250,60,company,46.5407945335009,6.64731543111145
295,60,supermarket,46.5358679580342,6.64872466462948
393,60,cafeteria,46.54112067848,6.6419659252377
464,60,supermarket,46.5386724677558,6.64585750755981
602,60,supermarket,46.5362168360722,6.64000524694602
746,60,restaurant,46.5352324581319,6.64495784656703
826,60,restaurant,46.5363490220036,6.6479169019529
1059,60,club,46.536408477777,6.64014637303823
255,61,laboratory,46.5433549543358,6.55985871687446
314,61,supermarket,46.5453598152556,6.55957180472955
323,61,cafeteria,46.5474910665145,6.55441685559334
786,61,supermarket,46.5434952976241,6.55883574949957
874,61,dojo,46.5447858416769,6.55083684369103
1051,61,bar,46.5425258846018,6.55939125067093
84,62,appartment_block,46.5480230192253,6.56965788384358
258,62,laboratory,46.5421341683893,6.56423654127705
296,62,bar,46.5445597857857,6.56361084827549
319,62,supermarket,46.5487183772049,6.56605582622782
390,62,gym,46.5450248058846,6.5666815160801
660,62,cafeteria,46.5447635293746,6.56545060260049
712,62,gym,46.5422742266073,6.56635546374835
790,62,club,46.5474016232058,6.56157551818183
796,62,cafeteria,46.5440614743254,6.56550623441243
929,62,gym,46.5437311473714,6.56558339586479
969,62,cafeteria,46.5443749888088,6.56709526739823
1032,62,bar,46.5439648631511,6.56920745914253
1039,62,club,46.5462656165073,6.56631754731559
29,63,villa,46.5421255083208,6.57149802814799
40,63,appartment_block,46.542033682768,6.57166028182869
110,63,villa,46.5466492260204,6.57685965863621
203,63,company,46.5424223062335,6.57728172879047
225,63,laboratory,46.546484299225,6.57344706420223
229,63,laboratory,46.5463774012546,6.57535305477072
243,63,laboratory,46.5467399314081,6.57737743004016
252,63,laboratory,46.5456256163037,6.57784774871409
317,63,bar,46.543787250417,6.57870812860119
357,63,dojo,46.5444096117683,6.57911104153949
547,63,bar,46.5471541858383,6.57867323088001
582,63,bar,46.5463286134432,6.57582541981801
586,63,restaurant,46.5485185709688,6.57489880878524
822,63,bar,46.5457034347723,6.57122985852968
949,63,cafeteria,46.5477043934799,6.57094886947608
34,64,villa,46.5447576500495,6.58215273897886
42,64,villa,46.5421511092252,6.5892952064
45,64,villa,46.5462216210413,6.58062562104489
63,64,appartment_block,46.5484954266604,6.58604740277291
180,64,appartment_block,46.5438599015522,6.58004550563804
324,64,cafeteria,46.5444970236697,6.58285690856726
333,64,bar,46.547151364871,6.5879874324707
424,64,club,46.5442511634835,6.58587511661047
454,64,gym,46.5461196012014,6.58789089710048
597,64,dojo,46.5422163708258,6.58958618385997
631,64,restaurant,46.5426278953544,6.5830585086864
782,64,restaurant,46.5454269624524,6.58921828592497
973,64,dojo,46.5424751294487,6.58293979553281
978,64,supermarket,46.5433354700902,6.58347538632426
987,64,dojo,46.547510956526,6.58812745287973
1025,64,club,46.5474009045042,6.58064395908815
205,65,company,46.5426787894299,6.59328765394039
241,65,laboratory,46.544910189538,6.59804410975146
272,65,cafeteria,46.5444900120739,6.59064167862452
311,65,supermarket,46.5486393259072,6.59765325790677
399,65,cafeteria,46.5451491289406,6.59726787527301
457,65,gym,46.5485188090337,6.59746109629016
533,65,cafeteria,46.5488867501331,6.59389843296142
687,65,restaurant,46.5458045538948,6.59774152095828
714,65,club,46.5482041998509,6.59197779358471
866,65,cafeteria,46.5478808689976,6.59445697975574
903,65,dojo,46.5472205863723,6.59315374711002
919,65,restaurant,46.5462671961499,6.5973599678388
1060,65,restaurant,46.5473014882318,6.59558416222711
477,66,restaurant,46.5477459175742,6.60209120227966
598,66,restaurant,46.5486877261301,6.60015162773274
622,66,gym,46.5428217951313,6.60056334689832
655,66,cafeteria,46.5450968991556,6.6088552765217
673,66,gym,46.5464980065433,6.60243593176276
723,66,bar,46.5439704125105,6.60061309336867
835,66,gym,46.5427902363167,6.60689486991137
885,66,bar,46.5421144294234,6.60517201657064
1021,66,gym,46.5440211387921,6.6063120693977
214,67,laboratory,46.5484904658416,6.61558938906385
231,67,laboratory,46.5454327635963,6.61757354630091
299,67,supermarket,46.5451775068368,6.61988419541065
486,67,bar,46.5426980912364,6.61608312255481
627,67,supermarket,46.544305719764,6.61262729460446
635,67,dojo,46.5469659563239,6.6107477440862
692,67,gym,46.5486740332853,6.6184950090041
776,67,bar,46.5448034811327,6.61028626247397
803,67,bar,46.5477720809405,6.61473867664242
811,67,bar,46.5455129757922,6.61280476767062
957,67,club,46.5432307690901,6.61903903353435
142,68,villa,46.5486552131907,6.62830119248081
343,68,cafeteria,46.5422823296697,6.62795947303962
362,68,bar,46.5449326281976,6.62070356211128
420,68,club,46.5462003428611,6.62815693122086
628,68,club,46.5433387856426,6.62144289840867
794,68,dojo,46.5455717819989,6.62376435874316
899,68,supermarket,46.5451492803446,6.62615127462177
38,69,appartment_block,46.5458904638706,6.63694395184481
262,69,gym,46.5487969403834,6.63225488218547
309,69,club,46.5483400362413,6.63969992176715
368,69,supermarket,46.5478934829555,6.63025617596715
386,69,cafeteria,46.5466579611902,6.63120877428035
741,69,supermarket,46.5489589412008,6.63523605517392
1030,69,cafeteria,46.5468562843241,6.6386866967207
125,70,villa,46.5479894492555,6.64586036552241
154,70,appartment_block,46.5480312211111,6.64239429080825
516,70,supermarket,46.546508968737,6.64621362249075
581,70,club,46.5471869279392,6.64846857146356
623,70,cafeteria,46.5439229856122,6.64105485518367
910,70,cafeteria,46.5477201484581,6.64902310247079
1040,70,bar,46.5463704672451,6.64989284881699
276,71,supermarket,46.5534847916711,6.55467137599722
347,71,dojo,46.5499433073213,6.55267957133632
484,71,bar,46.5511770314257,6.55005143958594
618,71,gym,46.5537654569153,6.55142732679388
664,71,cafeteria,46.5525742679416,6.55861365524904
740,71,restaurant,46.5518907968622,6.55815632261219
927,71,bar,46.5556126567334,6.55914360014263
984,71,supermarket,46.5534936650991,6.5514788550637
1049,71,bar,46.5494820076216,6.55577052974802
152,72,appartment_block,46.5541252092234,6.56395590289575
182,72,appartment_block,46.5542552933234,6.56831190511449
301,72,supermarket,46.5556114153549,6.56681613799772
329,72,cafeteria,46.5502926969984,6.56719622910014
410,72,dojo,46.5499882225568,6.56070445249322
808,72,restaurant,46.5555099755253,6.56624741869985
810,72,dojo,46.5545757153351,6.56598584946591
813,72,restaurant,46.5536838158297,6.56442581181539
844,72,dojo,46.5504399869176,6.56925384501399
845,72,restaurant,46.5545553608625,6.56275166940847
879,72,cafeteria,46.5542781172802,6.56865053689408
913,72,gym,46.5543018254412,6.56771699558435
426,73,bar,46.5500058627837,6.5783105461795
503,73,gym,46.5526600858649,6.57039565251719
651,73,dojo,46.5511799945625,6.57972002804778
735,73,bar,46.5514095219458,6.57713110089633
807,73,gym,46.5515987686888,6.57568558357858
878,73,club,46.5502480547373,6.57532757918878
989,73,restaurant,46.552423416041,6.57526986678181
62,74,appartment_block,46.5554402784649,6.58575217063897
69,74,villa,46.5514611828448,6.58334009460533
87,74,appartment_block,46.5547448413786,6.58014827093784
111,74,appartment_block,46.5513331127318,6.58549846879815
148,74,villa,46.5496547127319,6.5822451650983
151,74,appartment_block,46.5516676916787,6.5841346283303
198,74,appartment_block,46.5498727965285,6.58275751578505
356,74,dojo,46.5506419533555,6.58246711887124
359,74,cafeteria,46.5509513117714,6.58468776727778
384,74,restaurant,46.5505724366281,6.58183536761115
476,74,supermarket,46.5540513925052,6.58389637685393
504,74,restaurant,46.5530041333675,6.58120836696305
908,74,dojo,46.554068561732,6.58466600405966
946,74,club,46.5544173450594,6.58643499444067
1053,74,supermarket,46.5523342079146,6.58021301541118
12,75,appartment_block,46.5507791196289,6.59203436787689
113,75,appartment_block,46.5507596766006,6.59506326510055
284,75,cafeteria,46.5529670609758,6.59488249685818
392,75,bar,46.549569208457,6.59050173034081
473,75,restaurant,46.5536023793593,6.59686007677786
556,75,cafeteria,46.5495786470071,6.59236543727999
621,75,cafeteria,46.5556937251428,6.59963065881885
630,75,dojo,46.5522917103708,6.59860464928827
675,75,supermarket,46.5508802170559,6.59021254002413
690,75,restaurant,46.5532843693474,6.59802369738066
719,75,gym,46.5504141662949,6.59381233849293
858,75,cafeteria,46.5527160233531,6.59523347157753
1009,75,cafeteria,46.5551821362409,6.59531563939816
122,76,appartment_block,46.5524729042161,6.60654719486662
127,76,villa,46.5503424116149,6.6028524983313
161,76,villa,46.555606811553,6.60592231009847
196,76,villa,46.5544826622975,6.60635282403752
363,76,gym,46.5544456503524,6.60449131408796
479,76,dojo,46.5498803602129,6.60944855554603
521,76,bar,46.5521538226136,6.60417182560408
704,76,gym,46.5531901449559,6.60503918988479
705,76,dojo,46.5493257439117,6.60964463212694
159,77,appartment_block,46.5527724421564,6.61293145515479
188,77,appartment_block,46.5533600162781,6.61810703529882
218,77,company,46.5510716380829,6.61819872456368
261,77,dojo,46.5542812707609,6.61256424909314
268,77,dojo,46.5502101398837,6.61713963414775
278,77,cafeteria,46.5520903494866,6.61312213717942
288,77,supermarket,46.5553713093844,6.6110892670145
634,77,dojo,46.5500377880657,6.61080082986339
636,77,supermarket,46.5536399622176,6.61862666283315
647,77,restaurant,46.5492032197672,6.61439026786328
744,77,dojo,46.5518234285744,6.61754487529648
783,77,restaurant,46.5504454046905,6.61642812631821
852,77,cafeteria,46.5490553921986,6.61545821836591
933,77,restaurant,46.5496297892524,6.61075263081277
982,77,restaurant,46.5513662988719,6.61366444960641
983,77,dojo,46.5507443809675,6.61314746432153
65,78,villa,46.5511094357039,6.62113073682305
254,78,laboratory,46.552521660541,6.62253513277777
282,78,gym,46.5496070903374,6.62823295314554
367,78,club,46.5515114787978,6.62164471432062
566,78,cafeteria,46.5559250363041,6.62888696130015
587,78,cafeteria,46.5544569169193,6.62613974486403
893,78,bar,46.5520591210126,6.62392411970693
923,78,club,46.5535664012697,6.62111121701371
958,78,club,46.5559477072057,6.62694447867807
1000,78,bar,46.5532913239186,6.62223698276002
1055,78,restaurant,46.5491865481338,6.62640663932094
9,79,appartment_block,46.5516894320776,6.63801355674219
52,79,villa,46.5552538623903,6.63870596525076
146,79,appartment_block,46.5525687088025,6.63612467598552
584,79,supermarket,46.5518538759253,6.63580036688249
638,79,restaurant,46.5541347952768,6.63387254341396
727,79,restaurant,46.5552087653181,6.63235857556247
842,79,restaurant,46.54948729329,6.63141843610202
976,79,dojo,46.5527158348265,6.63908563270381
1036,79,dojo,46.5493425388917,6.63033085258238
90,80,appartment_block,46.5493696342276,6.64676183575297
116,80,villa,46.5554773350847,6.64966433741202
224,80,laboratory,46.5511045641691,6.64573343937228
253,80,office,46.5554212913248,6.64959210949478
313,80,bar,46.5548599728949,6.64254696984756
345,80,bar,46.5558649918985,6.64641190068878
348,80,dojo,46.5511701724747,6.64764900236808
378,80,gym,46.5493121933838,6.6435538045179
494,80,dojo,46.5526150107451,6.64538452397019
722,80,supermarket,46.5508332468987,6.64955062640731
904,80,supermarket,46.5499905122396,6.64739901341063
959,80,gym,46.5542284263298,6.64900308280279
964,80,restaurant,46.5505876575825,6.64957520539681
287,81,restaurant,46.5572460099032,6.5571643242187
543,81,gym,46.5605547526586,6.55889084742562
579,81,restaurant,46.5625665130893,6.55105473992345
612,81,restaurant,46.5568243413324,6.55090106775947
1058,81,restaurant,46.5577509675228,6.55856724620716
2,82,appartment_block,46.5591409680298,6.56846332881829
23,82,appartment_block,46.5606712615555,6.56739160465447
46,82,villa,46.5622596146529,6.56132476208473
100,82,appartment_block,46.5608779059424,6.5649263508693
101,82,appartment_block,46.5570392999331,6.56970666275866
298,82,dojo,46.5620156960377,6.56933428648423
407,82,gym,46.557609865193,6.56368088020868
418,82,club,46.5602512224248,6.56454767676564
515,82,gym,46.5610515334584,6.56165979685951
541,82,club,46.5562344015988,6.56664825805415
583,82,cafeteria,46.5624768345307,6.56577150269302
780,82,dojo,46.5577971506155,6.56433486062035
1057,82,cafeteria,46.5624968643686,6.56772023135133
108,83,villa,46.5575939354976,6.570066617753
149,83,villa,46.5601620803665,6.57579841729164
175,83,appartment_block,46.5621952375601,6.57839613065711
432,83,dojo,46.5579949452226,6.57206553867134
981,83,restaurant,46.5608602406314,6.57280471602259
1014,83,bar,46.5560348439174,6.57240739224497
22,84,appartment_block,46.5594045535401,6.58365534016797
24,84,appartment_block,46.559452365674,6.5848857873911
43,84,appartment_block,46.5567023165945,6.58346675465523
342,84,bar,46.5619527778541,6.58717966269131
370,84,gym,46.5629451980522,6.5842473623365
489,84,restaurant,46.5619788122014,6.58381495065498
524,84,club,46.5604082554434,6.5831581034792
614,84,supermarket,46.5581882601299,6.5810402556973
716,84,supermarket,46.5611545088798,6.58853682134632
35,85,appartment_block,46.5620991625833,6.59988075358103
61,85,villa,46.5578805944388,6.59933060620753
67,85,appartment_block,46.5567810760666,6.59353163761186
115,85,villa,46.5611093578458,6.59406848984597
117,85,villa,46.5601441593672,6.59820367826467
155,85,appartment_block,46.5583678100271,6.59967312008403
181,85,villa,46.562756092776,6.59294867009648
305,85,bar,46.5562635877114,6.59122266931882
436,85,bar,46.5574536352436,6.59313512145293
447,85,dojo,46.5565167229625,6.5935813532845
458,85,dojo,46.5625286880235,6.59697991995415
788,85,cafeteria,46.5599810123537,6.59849202579477
797,85,cafeteria,46.5581068683577,6.59892791237676
848,85,dojo,46.5586487484335,6.59276876289328
926,85,bar,46.5613247900066,6.59239490482244
930,85,bar,46.560751610114,6.59697319690091
1033,85,club,46.5566547795354,6.59649831378598
59,86,villa,46.5623528901909,6.609461684641
75,86,appartment_block,46.5618341198148,6.60631144676936
118,86,appartment_block,46.5595419517617,6.60441504117193
164,86,appartment_block,46.5587134065382,6.60716781505931
216,86,laboratory,46.5582475848293,6.60672416340037
394,86,dojo,46.5619625864243,6.60649422932688
481,86,cafeteria,46.5629197888555,6.60707363108457
528,86,dojo,46.5602859717602,6.60862003425379
552,86,club,46.562182430539,6.60166050876678
585,86,bar,46.5597940405738,6.60112755433403
599,86,cafeteria,46.5570415742174,6.60647098037846
633,86,gym,46.5628629583682,6.601243007376
656,86,club,46.5581548211444,6.6076551187557
661,86,bar,46.5582845917591,6.60073027620806
724,86,club,46.5598158970938,6.60825239383658
905,86,gym,46.558379999905,6.60861931049956
937,86,cafeteria,46.5621590636802,6.60398563303193
942,86,club,46.5627455336304,6.60286291458823
217,87,laboratory,46.5569878638102,6.61545453456062
376,87,cafeteria,46.556905946708,6.61834370491894
412,87,cafeteria,46.5610809921982,6.61857389584567
442,87,cafeteria,46.5575053927476,6.61058788369219
450,87,restaurant,46.5578954664142,6.61771790791594
548,87,club,46.5584848285509,6.61384333733146
593,87,club,46.5598799483029,6.61085645213493
688,87,supermarket,46.5620997572996,6.6183417482695
815,87,bar,46.5574843657869,6.61206139860847
970,87,bar,46.5610150603182,6.61102084785201
977,87,gym,46.5613016625365,6.61582246530774
1016,87,gym,46.556920420732,6.61501481227261
105,88,villa,46.5612473273667,6.62301239135316
186,88,villa,46.559770121801,6.62672789073953
369,88,club,46.5586664120005,6.62734206085147
388,88,gym,46.5626273993064,6.6280519991043
487,88,dojo,46.560336456877,6.62572410815635
496,88,bar,46.5624486377519,6.62042165178552
573,88,restaurant,46.560739208757,6.62950123377807
689,88,bar,46.5578157637634,6.62256416988426
715,88,restaurant,46.5593948140529,6.6242732837314
760,88,dojo,46.5603811609544,6.62356049397732
877,88,restaurant,46.5597048262018,6.62374995460179
895,88,dojo,46.5606864799718,6.62696248501682
938,88,dojo,46.5598526681667,6.62298687983279
967,88,club,46.5602530765126,6.62086606039049
988,88,restaurant,46.5579103369061,6.62367414215258
16,89,appartment_block,46.5599884185146,6.6364339588471
36,89,appartment_block,46.5628176540037,6.63577074331155
85,89,villa,46.5623531997052,6.63642531502353
401,89,cafeteria,46.5596525479303,6.63316040256381
461,89,dojo,46.5574062495495,6.63632722737906
701,89,dojo,46.560610867552,6.63849637610619
720,89,dojo,46.5629357515204,6.63527504497478
952,89,cafeteria,46.5572140958884,6.63722169402303
5,90,appartment_block,46.5626463872853,6.64482339836969
71,90,villa,46.5628149067201,6.64375513743622
129,90,appartment_block,46.5608487097538,6.64983159085792
193,90,villa,46.5595414743609,6.6449182771456
228,90,laboratory,46.5587375539092,6.64089493088906
509,90,dojo,46.561462190812,6.64810049475694
595,90,restaurant,46.5573104798102,6.64375628367716
652,90,gym,46.5624436568353,6.64557145225506
755,90,cafeteria,46.5609171621073,6.64152720455886
936,90,restaurant,46.5601719094902,6.64871974624799
1023,90,bar,46.5617220612821,6.64128364650206
1029,90,dojo,46.5598353227129,6.64436536318534
56,91,villa,46.5693746059508,6.5593698916077
270,91,dojo,46.5668155797286,6.55253894874066
328,91,dojo,46.5651210986887,6.55056371143977
395,91,gym,46.565063869105,6.55867949921195
448,91,club,46.5683246048061,6.55411954120976
506,91,supermarket,46.5677580740347,6.55278887494497
525,91,gym,46.5697038702642,6.55993226886798
560,91,supermarket,46.5672208493995,6.55151940799767
624,91,gym,46.563415416406,6.55541578340242
648,91,dojo,46.5690372840744,6.55487069577667
662,91,supermarket,46.566728942642,6.55064248423304
857,91,club,46.5678139416137,6.55015214539555
963,91,club,46.5643847676243,6.55466748382488
975,91,gym,46.5640380894964,6.55315739560346
15,92,villa,46.5665968706101,6.56246284814904
290,92,supermarket,46.5638868107339,6.56348762547708
389,92,supermarket,46.5644570195825,6.56680013762845
468,92,supermarket,46.5652309243759,6.56488082779115
471,92,bar,46.5662338074604,6.56551074336679
610,92,cafeteria,46.5657683005386,6.56850030840796
620,92,cafeteria,46.5644596275455,6.56968080499714
691,92,dojo,46.5698505853487,6.56648905413829
695,92,dojo,46.5683311407042,6.56734063372878
733,92,cafeteria,46.566582520573,6.56369046355046
737,92,supermarket,46.5681845003118,6.56819970846092
72,93,appartment_block,46.5638542240971,6.57405716556813
92,93,appartment_block,46.5655683841264,6.5762380457263
639,93,restaurant,46.5674549747539,6.57942065498713
726,93,bar,46.5630790313292,6.57349260227397
944,93,restaurant,46.5636161549499,6.57421752927153
55,94,villa,46.5694917662471,6.58415159756957
455,94,dojo,46.5683109878466,6.58195369258646
492,94,dojo,46.5693016871544,6.58175270694941
507,94,dojo,46.5670836706898,6.5867511899422
532,94,gym,46.5673309819856,6.58990326613292
596,94,restaurant,46.563915456185,6.58490007285264
629,94,restaurant,46.5680062279081,6.58161227105483
679,94,gym,46.5684035246493,6.58422638832964
880,94,bar,46.5630057965395,6.58235643851957
953,94,restaurant,46.5642248681632,6.5851297563413
1026,94,supermarket,46.5697372403041,6.58652919693328
32,95,villa,46.568733681944,6.5929109209266
94,95,appartment_block,46.5670174773592,6.59180198440561
153,95,appartment_block,46.5636514696514,6.59222810476282
176,95,villa,46.5679215582795,6.59365195608569
189,95,appartment_block,46.5677225153912,6.5964090707219
302,95,dojo,46.564880105968,6.59082261104435
322,95,restaurant,46.5661919538056,6.59829167944087
847,95,restaurant,46.5638488106658,6.59414066238237
887,95,bar,46.5667417858645,6.59408611906151
1010,95,supermarket,46.5688139184965,6.59971068897519
114,96,villa,46.565450987266,6.60497410315084
144,96,villa,46.5671896161678,6.60401376512647
371,96,cafeteria,46.5677972591909,6.60331314108905
387,96,supermarket,46.5645912256921,6.60616450276347
415,96,club,46.5662832885745,6.60089784482607
535,96,cafeteria,46.5681687878817,6.60472775239667
542,96,club,46.5685332593627,6.60127105009159
555,96,dojo,46.5637368876979,6.60327948517315
793,96,dojo,46.5696291404267,6.60214396320083
947,96,bar,46.5659665467195,6.60054055256669
998,96,gym,46.5656100842746,6.60137407850273
91,97,villa,46.5646894792987,6.6165994706284
135,97,appartment_block,46.563529110173,6.61031428894925
190,97,appartment_block,46.5683085842609,6.618101043527
246,97,company,46.5684471723514,6.61200742114635
320,97,cafeteria,46.564460864001,6.61401200345146
470,97,bar,46.5652938610781,6.61309034427491
488,97,club,46.5647224737346,6.61340655907122
611,97,gym,46.5635050019443,6.61612878915696
775,97,dojo,46.5639067083474,6.61726548433337
875,97,club,46.5679339287153,6.61024737151988
889,97,restaurant,46.5694413716287,6.61596924967151
985,97,dojo,46.5651689733056,6.61146413218109
206,98,company,46.5674877972945,6.62281082184447
256,98,company,46.5648971635328,6.62423181402789
275,98,restaurant,46.563743451116,6.62053130391381
349,98,gym,46.5647195022355,6.6213195141112
419,98,dojo,46.5655124558058,6.62423880679626
452,98,club,46.5661632341685,6.62148419104776
495,98,cafeteria,46.5665497397816,6.62077541391596
580,98,dojo,46.568868229814,6.62456964432885
637,98,gym,46.5656739344761,6.6287557572964
718,98,gym,46.5688230878203,6.62629087214628
940,98,gym,46.567076070029,6.62304202234693
48,99,appartment_block,46.5665933669282,6.63697590970758
199,99,appartment_block,46.5658521984063,6.63867527137874
483,99,gym,46.5633465118131,6.63435258143968
523,99,restaurant,46.5635625672689,6.63195019664016
603,99,restaurant,46.5637890562076,6.63361949013645
609,99,cafeteria,46.5660292670136,6.63254610141633
644,99,dojo,46.5667362300284,6.63883549133157
717,99,club,46.5640277349059,6.63925512437427
725,99,bar,46.566898981268,6.63166850849734
731,99,club,46.5670881754198,6.63811946078974
792,99,cafeteria,46.5632570776103,6.63408438503118
814,99,supermarket,46.5680034694881,6.63482320142031
78,100,villa,46.5692095275555,6.64953112929113
107,100,appartment_block,46.5662739958423,6.64420576008819
170,100,villa,46.5688199557441,6.64294176710424
177,100,villa,46.5684437722473,6.64811900168542
271,100,supermarket,46.5633687171993,6.648431242252
283,100,cafeteria,46.5654860701557,6.64985430308431
321,100,club,46.566020753842,6.64341404857093
372,100,restaurant,46.5638517119462,6.64845441038892
649,100,bar,46.5640467094956,6.64024986552269
730,100,gym,46.5659605884171,6.64222836912507
828,100,club,46.5691766930161,6.64240089297327
990,100,bar,46.5652904526225,6.64085470778386
